,Buurten,level_of_income,Year,number_of_people
0,Valkenberg, Low income,2009-01-01,60.0
1,Chassé, Low income,2009-01-01,47.0
2,Fellenoord, Low income,2009-01-01,66.0
3,Schorsmolen, Low income,2009-01-01,66.0
4,Station, Low income,2009-01-01,57.0
5,City, Low income,2009-01-01,50.0
6,Belcrum, Low income,2009-01-01,41.0
7,Doornbos-Linie, Low income,2009-01-01,60.0
8,Biesdonk, Low income,2009-01-01,52.0
10,Wisselaar, Low income,2009-01-01,47.0
11,Krogten, Low income,2009-01-01,32.0
12,Geeren-noord, Low income,2009-01-01,64.0
14,Brabantpark, Low income,2009-01-01,51.0
15,Sportpark, Low income,2009-01-01,26.0
16,Zandberg, Low income,2009-01-01,35.0
17,Heusdenhout, Low income,2009-01-01,36.0
18,Moleneind-oost, Low income,2009-01-01,36.0
19,Hoogeind, Low income,2009-01-01,36.0
20,Blauwe Kei, Low income,2009-01-01,33.0
21,Ypelaar, Low income,2009-01-01,44.0
22,Overakker, Low income,2009-01-01,35.0
23,Ginneken, Low income,2009-01-01,27.0
25,Boeimeer, Low income,2009-01-01,31.0
26,Ruitersbos, Low income,2009-01-01,36.0
27,Haagpoort, Low income,2009-01-01,52.0
28,Heuvel, Low income,2009-01-01,59.0
29,Tuinzigt, Low income,2009-01-01,57.0
30,Princenhage, Low income,2009-01-01,36.0
31,Westerpark, Low income,2009-01-01,30.0
32,Heilaar, Low income,2009-01-01,13.0
34,Steenakker, Low income,2009-01-01,18.0
35,Effen-Rith, Low income,2009-01-01,18.0
36,Liesbos, Low income,2009-01-01,6.0
37,Gageldonk, Low income,2009-01-01,33.0
38,Kievitsloop, Low income,2009-01-01,28.0
39,Kesteren, Low income,2009-01-01,41.0
40,Muizenberg, Low income,2009-01-01,35.0
41,Heksenwiel, Low income,2009-01-01,34.0
42,Overkroeten, Low income,2009-01-01,27.0
43,Kroeten, Low income,2009-01-01,24.0
45,Hagebeemd, Low income,2009-01-01,38.0
46,Bavel, Low income,2009-01-01,27.0
47,Nieuw Wolfslaar, Low income,2009-01-01,21.0
48,Buitengebied Bavel, Low income,2009-01-01,13.0
49,Ulvenhout, Low income,2009-01-01,23.0
50,Buitengebied Ulvenhout, Low income,2009-01-01,19.0
51,Prinsenbeek, Low income,2009-01-01,27.0
52,Buitengebied Prinsenbeek, Low income,2009-01-01,20.0
56,Valkenberg, Low income,2010-01-01,58.0
57,Chassé, Low income,2010-01-01,44.0
58,Fellenoord, Low income,2010-01-01,68.0
59,Schorsmolen, Low income,2010-01-01,62.0
60,Station, Low income,2010-01-01,50.0
61,City, Low income,2010-01-01,53.0
62,Belcrum, Low income,2010-01-01,42.0
63,Doornbos-Linie, Low income,2010-01-01,63.0
64,Biesdonk, Low income,2010-01-01,50.0
66,Wisselaar, Low income,2010-01-01,46.0
67,Krogten, Low income,2010-01-01,23.0
68,Geeren-noord, Low income,2010-01-01,60.0
70,Brabantpark, Low income,2010-01-01,50.0
71,Sportpark, Low income,2010-01-01,26.0
72,Zandberg, Low income,2010-01-01,33.0
73,Heusdenhout, Low income,2010-01-01,38.0
74,Moleneind-oost, Low income,2010-01-01,38.0
75,Hoogeind, Low income,2010-01-01,39.0
76,Blauwe Kei, Low income,2010-01-01,30.0
77,Ypelaar, Low income,2010-01-01,42.0
78,Overakker, Low income,2010-01-01,37.0
79,Ginneken, Low income,2010-01-01,27.0
81,Boeimeer, Low income,2010-01-01,32.0
82,Ruitersbos, Low income,2010-01-01,36.0
83,Haagpoort, Low income,2010-01-01,50.0
84,Heuvel, Low income,2010-01-01,60.0
85,Tuinzigt, Low income,2010-01-01,55.0
86,Princenhage, Low income,2010-01-01,36.0
87,Westerpark, Low income,2010-01-01,29.0
88,Heilaar, Low income,2010-01-01,14.0
90,Steenakker, Low income,2010-01-01,20.0
91,Effen-Rith, Low income,2010-01-01,21.0
92,Liesbos, Low income,2010-01-01,9.0
93,Gageldonk, Low income,2010-01-01,33.0
94,Kievitsloop, Low income,2010-01-01,27.0
95,Kesteren, Low income,2010-01-01,39.0
96,Muizenberg, Low income,2010-01-01,35.0
97,Heksenwiel, Low income,2010-01-01,33.0
98,Overkroeten, Low income,2010-01-01,28.0
99,Kroeten, Low income,2010-01-01,28.0
101,Hagebeemd, Low income,2010-01-01,31.0
102,Bavel, Low income,2010-01-01,28.0
103,Nieuw Wolfslaar, Low income,2010-01-01,19.0
104,Buitengebied Bavel, Low income,2010-01-01,3.0
105,Ulvenhout, Low income,2010-01-01,24.0
106,Buitengebied Ulvenhout, Low income,2010-01-01,10.0
107,Prinsenbeek, Low income,2010-01-01,27.0
108,Buitengebied Prinsenbeek, Low income,2010-01-01,25.0
112,Valkenberg, Low income,2011-01-01,53.0
113,Chassé, Low income,2011-01-01,44.0
114,Fellenoord, Low income,2011-01-01,66.0
115,Schorsmolen, Low income,2011-01-01,66.0
116,Station, Low income,2011-01-01,58.0
117,City, Low income,2011-01-01,52.0
119,Doornbos-Linie, Low income,2011-01-01,61.0
120,Biesdonk, Low income,2011-01-01,54.0
122,Wisselaar, Low income,2011-01-01,49.0
124,Geeren-noord, Low income,2011-01-01,62.0
125,Waterdonken, Low income,2011-01-01,12.0
126,Brabantpark, Low income,2011-01-01,49.0
127,Sportpark, Low income,2011-01-01,28.0
128,Zandberg, Low income,2011-01-01,34.0
129,Heusdenhout, Low income,2011-01-01,41.0
130,Moleneind-oost, Low income,2011-01-01,41.0
131,Hoogeind, Low income,2011-01-01,41.0
132,Blauwe Kei, Low income,2011-01-01,33.0
133,Ypelaar, Low income,2011-01-01,41.0
134,Overakker, Low income,2011-01-01,34.0
135,Ginneken, Low income,2011-01-01,28.0
137,Boeimeer, Low income,2011-01-01,33.0
138,Ruitersbos, Low income,2011-01-01,33.0
139,Haagpoort, Low income,2011-01-01,53.0
140,Heuvel, Low income,2011-01-01,59.0
141,Tuinzigt, Low income,2011-01-01,55.0
142,Princenhage, Low income,2011-01-01,36.0
143,Westerpark, Low income,2011-01-01,28.0
144,Heilaar, Low income,2011-01-01,16.0
147,Effen-Rith, Low income,2011-01-01,22.0
148,Liesbos, Low income,2011-01-01,19.0
149,Gageldonk, Low income,2011-01-01,32.0
150,Kievitsloop, Low income,2011-01-01,29.0
151,Kesteren, Low income,2011-01-01,43.0
152,Muizenberg, Low income,2011-01-01,34.0
153,Heksenwiel, Low income,2011-01-01,33.0
154,Overkroeten, Low income,2011-01-01,29.0
155,Kroeten, Low income,2011-01-01,25.0
157,Hagebeemd, Low income,2011-01-01,21.0
158,Bavel, Low income,2011-01-01,28.0
159,Nieuw Wolfslaar, Low income,2011-01-01,17.0
160,Buitengebied Bavel, Low income,2011-01-01,15.0
163,Prinsenbeek, Low income,2011-01-01,27.0
164,Buitengebied Prinsenbeek, Low income,2011-01-01,19.0
168,Valkenberg, Low income,2012-01-01,55.0
169,Chassé, Low income,2012-01-01,44.0
170,Fellenoord, Low income,2012-01-01,68.0
171,Schorsmolen, Low income,2012-01-01,66.0
172,Station, Low income,2012-01-01,53.0
173,City, Low income,2012-01-01,52.0
175,Doornbos-Linie, Low income,2012-01-01,59.0
176,Biesdonk, Low income,2012-01-01,53.0
177,Geeren-zuid, Low income,2012-01-01,65.0
178,Wisselaar, Low income,2012-01-01,49.0
180,Geeren-noord, Low income,2012-01-01,62.0
181,Waterdonken, Low income,2012-01-01,31.0
182,Brabantpark, Low income,2012-01-01,48.0
183,Sportpark, Low income,2012-01-01,29.0
184,Zandberg, Low income,2012-01-01,33.0
185,Heusdenhout, Low income,2012-01-01,43.0
188,Blauwe Kei, Low income,2012-01-01,32.0
189,Ypelaar, Low income,2012-01-01,41.0
190,Overakker, Low income,2012-01-01,36.0
191,Ginneken, Low income,2012-01-01,29.0
192,Mastbos, Low income,2012-01-01,19.0
193,Boeimeer, Low income,2012-01-01,33.0
194,Ruitersbos, Low income,2012-01-01,33.0
195,Haagpoort, Low income,2012-01-01,52.0
196,Heuvel, Low income,2012-01-01,59.0
197,Tuinzigt, Low income,2012-01-01,56.0
198,Princenhage, Low income,2012-01-01,37.0
199,Westerpark, Low income,2012-01-01,27.0
200,Heilaar, Low income,2012-01-01,23.0
203,Effen-Rith, Low income,2012-01-01,22.0
204,Liesbos, Low income,2012-01-01,24.0
205,Gageldonk, Low income,2012-01-01,33.0
206,Kievitsloop, Low income,2012-01-01,28.0
207,Kesteren, Low income,2012-01-01,44.0
208,Muizenberg, Low income,2012-01-01,34.0
209,Heksenwiel, Low income,2012-01-01,33.0
210,Overkroeten, Low income,2012-01-01,30.0
211,Kroeten, Low income,2012-01-01,23.0
214,Bavel, Low income,2012-01-01,28.0
215,Nieuw Wolfslaar, Low income,2012-01-01,17.0
216,Buitengebied Bavel, Low income,2012-01-01,15.0
217,Ulvenhout, Low income,2012-01-01,29.0
219,Prinsenbeek, Low income,2012-01-01,26.0
220,Buitengebied Prinsenbeek, Low income,2012-01-01,20.0
221,Teteringen, Low income,2012-01-01,27.0
224,Valkenberg, Low income,2013-01-01,53.0
225,Chassé, Low income,2013-01-01,44.0
226,Fellenoord, Low income,2013-01-01,66.0
227,Schorsmolen, Low income,2013-01-01,66.0
228,Station, Low income,2013-01-01,52.0
229,City, Low income,2013-01-01,53.0
231,Doornbos-Linie, Low income,2013-01-01,59.0
232,Biesdonk, Low income,2013-01-01,54.0
233,Geeren-zuid, Low income,2013-01-01,65.0
234,Wisselaar, Low income,2013-01-01,51.0
236,Geeren-noord, Low income,2013-01-01,62.0
237,Waterdonken, Low income,2013-01-01,26.0
238,Brabantpark, Low income,2013-01-01,49.0
239,Sportpark, Low income,2013-01-01,26.0
240,Zandberg, Low income,2013-01-01,31.0
241,Heusdenhout, Low income,2013-01-01,42.0
244,Blauwe Kei, Low income,2013-01-01,32.0
245,Ypelaar, Low income,2013-01-01,41.0
246,Overakker, Low income,2013-01-01,36.0
247,Ginneken, Low income,2013-01-01,29.0
248,Mastbos, Low income,2013-01-01,33.0
249,Boeimeer, Low income,2013-01-01,33.0
250,Ruitersbos, Low income,2013-01-01,32.0
251,Haagpoort, Low income,2013-01-01,53.0
252,Heuvel, Low income,2013-01-01,58.0
253,Tuinzigt, Low income,2013-01-01,57.0
254,Princenhage, Low income,2013-01-01,36.0
255,Westerpark, Low income,2013-01-01,29.0
256,Heilaar, Low income,2013-01-01,26.0
259,Effen-Rith, Low income,2013-01-01,20.0
260,Liesbos, Low income,2013-01-01,21.0
261,Gageldonk, Low income,2013-01-01,33.0
262,Kievitsloop, Low income,2013-01-01,29.0
263,Kesteren, Low income,2013-01-01,44.0
264,Muizenberg, Low income,2013-01-01,36.0
265,Heksenwiel, Low income,2013-01-01,33.0
266,Overkroeten, Low income,2013-01-01,29.0
267,Kroeten, Low income,2013-01-01,23.0
270,Bavel, Low income,2013-01-01,28.0
271,Nieuw Wolfslaar, Low income,2013-01-01,17.0
272,Buitengebied Bavel, Low income,2013-01-01,14.0
273,Ulvenhout, Low income,2013-01-01,27.0
275,Prinsenbeek, Low income,2013-01-01,26.0
276,Buitengebied Prinsenbeek, Low income,2013-01-01,18.0
277,Teteringen, Low income,2013-01-01,25.0
336,Valkenberg, Low income,2015-01-01,66.0
337,Chassé, Low income,2015-01-01,47.0
338,Fellenoord, Low income,2015-01-01,67.0
339,Schorsmolen, Low income,2015-01-01,69.0
340,Station, Low income,2015-01-01,59.0
341,City, Low income,2015-01-01,65.0
342,Belcrum, Low income,2015-01-01,44.0
343,Doornbos-Linie, Low income,2015-01-01,59.0
344,Biesdonk, Low income,2015-01-01,53.0
345,Geeren-zuid, Low income,2015-01-01,62.0
346,Wisselaar, Low income,2015-01-01,49.0
347,Krogten, Low income,2015-01-01,42.0
348,Geeren-noord, Low income,2015-01-01,63.0
349,Waterdonken, Low income,2015-01-01,24.0
350,Brabantpark, Low income,2015-01-01,55.0
351,Sportpark, Low income,2015-01-01,31.0
352,Zandberg, Low income,2015-01-01,40.0
353,Heusdenhout, Low income,2015-01-01,42.0
356,Blauwe Kei, Low income,2015-01-01,31.0
357,Ypelaar, Low income,2015-01-01,41.0
358,Overakker, Low income,2015-01-01,35.0
359,Ginneken, Low income,2015-01-01,28.0
360,Mastbos, Low income,2015-01-01,15.0
361,Boeimeer, Low income,2015-01-01,35.0
362,Ruitersbos, Low income,2015-01-01,37.0
363,Haagpoort, Low income,2015-01-01,54.0
364,Heuvel, Low income,2015-01-01,59.0
365,Tuinzigt, Low income,2015-01-01,63.0
366,Princenhage, Low income,2015-01-01,38.0
367,Westerpark, Low income,2015-01-01,26.0
368,Heilaar, Low income,2015-01-01,22.0
370,Steenakker, Low income,2015-01-01,26.0
371,Effen-Rith, Low income,2015-01-01,19.0
372,Liesbos, Low income,2015-01-01,19.0
373,Gageldonk, Low income,2015-01-01,34.0
374,Kievitsloop, Low income,2015-01-01,26.0
375,Kesteren, Low income,2015-01-01,42.0
376,Muizenberg, Low income,2015-01-01,33.0
377,Heksenwiel, Low income,2015-01-01,31.0
378,Overkroeten, Low income,2015-01-01,29.0
379,Kroeten, Low income,2015-01-01,23.0
382,Bavel, Low income,2015-01-01,26.0
383,Nieuw Wolfslaar, Low income,2015-01-01,18.0
384,Buitengebied Bavel, Low income,2015-01-01,18.0
385,Ulvenhout, Low income,2015-01-01,25.0
387,Prinsenbeek, Low income,2015-01-01,23.0
388,Buitengebied Prinsenbeek, Low income,2015-01-01,18.0
389,Teteringen, Low income,2015-01-01,24.0
392,Valkenberg, Low income,2016-01-01,64.0
393,Chassé, Low income,2016-01-01,48.0
394,Fellenoord, Low income,2016-01-01,69.0
395,Schorsmolen, Low income,2016-01-01,70.0
396,Station, Low income,2016-01-01,60.0
397,City, Low income,2016-01-01,64.0
398,Belcrum, Low income,2016-01-01,41.0
399,Doornbos-Linie, Low income,2016-01-01,60.0
400,Biesdonk, Low income,2016-01-01,54.0
401,Geeren-zuid, Low income,2016-01-01,66.0
402,Wisselaar, Low income,2016-01-01,53.0
403,Krogten, Low income,2016-01-01,46.0
404,Geeren-noord, Low income,2016-01-01,64.0
405,Waterdonken, Low income,2016-01-01,22.0
406,Brabantpark, Low income,2016-01-01,54.0
407,Sportpark, Low income,2016-01-01,28.0
408,Zandberg, Low income,2016-01-01,36.0
409,Heusdenhout, Low income,2016-01-01,45.0
412,Blauwe Kei, Low income,2016-01-01,29.0
413,Ypelaar, Low income,2016-01-01,42.0
414,Overakker, Low income,2016-01-01,34.0
415,Ginneken, Low income,2016-01-01,26.0
416,Mastbos, Low income,2016-01-01,15.0
417,Boeimeer, Low income,2016-01-01,32.0
418,Ruitersbos, Low income,2016-01-01,37.0
419,Haagpoort, Low income,2016-01-01,55.0
420,Heuvel, Low income,2016-01-01,57.0
421,Tuinzigt, Low income,2016-01-01,61.0
422,Princenhage, Low income,2016-01-01,38.0
423,Westerpark, Low income,2016-01-01,27.0
424,Heilaar, Low income,2016-01-01,19.0
427,Effen-Rith, Low income,2016-01-01,16.0
428,Liesbos, Low income,2016-01-01,16.0
429,Gageldonk, Low income,2016-01-01,34.0
430,Kievitsloop, Low income,2016-01-01,26.0
431,Kesteren, Low income,2016-01-01,43.0
432,Muizenberg, Low income,2016-01-01,33.0
433,Heksenwiel, Low income,2016-01-01,35.0
434,Overkroeten, Low income,2016-01-01,30.0
435,Kroeten, Low income,2016-01-01,19.0
438,Bavel, Low income,2016-01-01,26.0
439,Nieuw Wolfslaar, Low income,2016-01-01,18.0
440,Buitengebied Bavel, Low income,2016-01-01,13.0
441,Ulvenhout, Low income,2016-01-01,25.0
443,Prinsenbeek, Low income,2016-01-01,23.0
444,Buitengebied Prinsenbeek, Low income,2016-01-01,15.0
445,Teteringen, Low income,2016-01-01,23.0
448,Valkenberg, Low income,2017-01-01,64.0
449,Chassé, Low income,2017-01-01,48.0
450,Fellenoord, Low income,2017-01-01,70.0
451,Schorsmolen, Low income,2017-01-01,71.0
452,Station, Low income,2017-01-01,55.0
453,City, Low income,2017-01-01,65.0
454,Belcrum, Low income,2017-01-01,36.0
455,Doornbos-Linie, Low income,2017-01-01,57.0
456,Biesdonk, Low income,2017-01-01,55.0
457,Geeren-zuid, Low income,2017-01-01,64.0
458,Wisselaar, Low income,2017-01-01,53.0
459,Krogten, Low income,2017-01-01,43.0
460,Geeren-noord, Low income,2017-01-01,63.0
461,Waterdonken, Low income,2017-01-01,20.0
462,Brabantpark, Low income,2017-01-01,54.0
463,Sportpark, Low income,2017-01-01,30.0
464,Zandberg, Low income,2017-01-01,35.0
465,Heusdenhout, Low income,2017-01-01,45.0
468,Blauwe Kei, Low income,2017-01-01,29.0
469,Ypelaar, Low income,2017-01-01,42.0
470,Overakker, Low income,2017-01-01,34.0
471,Ginneken, Low income,2017-01-01,25.0
472,Mastbos, Low income,2017-01-01,35.0
473,Boeimeer, Low income,2017-01-01,33.0
474,Ruitersbos, Low income,2017-01-01,35.0
475,Haagpoort, Low income,2017-01-01,56.0
476,Heuvel, Low income,2017-01-01,57.0
477,Tuinzigt, Low income,2017-01-01,63.0
478,Princenhage, Low income,2017-01-01,37.0
479,Westerpark, Low income,2017-01-01,29.0
480,Heilaar, Low income,2017-01-01,18.0
483,Effen-Rith, Low income,2017-01-01,15.0
484,Liesbos, Low income,2017-01-01,15.0
485,Gageldonk, Low income,2017-01-01,33.0
486,Kievitsloop, Low income,2017-01-01,25.0
487,Kesteren, Low income,2017-01-01,41.0
488,Muizenberg, Low income,2017-01-01,33.0
489,Heksenwiel, Low income,2017-01-01,35.0
490,Overkroeten, Low income,2017-01-01,31.0
491,Kroeten, Low income,2017-01-01,20.0
494,Bavel, Low income,2017-01-01,26.0
495,Nieuw Wolfslaar, Low income,2017-01-01,17.0
496,Buitengebied Bavel, Low income,2017-01-01,12.0
497,Ulvenhout, Low income,2017-01-01,25.0
498,Buitengebied Ulvenhout, Low income,2017-01-01,24.0
499,Prinsenbeek, Low income,2017-01-01,23.0
500,Buitengebied Prinsenbeek, Low income,2017-01-01,16.0
501,Teteringen, Low income,2017-01-01,23.0
504,Valkenberg, Low income,2018-01-01,64.0
505,Chassé, Low income,2018-01-01,48.0
506,Fellenoord, Low income,2018-01-01,71.0
507,Schorsmolen, Low income,2018-01-01,72.0
508,Station, Low income,2018-01-01,55.0
509,City, Low income,2018-01-01,64.0
510,Belcrum, Low income,2018-01-01,37.0
511,Doornbos-Linie, Low income,2018-01-01,59.0
512,Biesdonk, Low income,2018-01-01,55.0
513,Geeren-zuid, Low income,2018-01-01,65.0
514,Wisselaar, Low income,2018-01-01,52.0
516,Geeren-noord, Low income,2018-01-01,63.0
517,Waterdonken, Low income,2018-01-01,19.0
518,Brabantpark, Low income,2018-01-01,54.0
519,Sportpark, Low income,2018-01-01,29.0
520,Zandberg, Low income,2018-01-01,35.0
521,Heusdenhout, Low income,2018-01-01,46.0
524,Blauwe Kei, Low income,2018-01-01,28.0
525,Ypelaar, Low income,2018-01-01,43.0
526,Overakker, Low income,2018-01-01,34.0
527,Ginneken, Low income,2018-01-01,25.0
528,Mastbos, Low income,2018-01-01,33.0
529,Boeimeer, Low income,2018-01-01,33.0
530,Ruitersbos, Low income,2018-01-01,36.0
531,Haagpoort, Low income,2018-01-01,56.0
532,Heuvel, Low income,2018-01-01,57.0
533,Tuinzigt, Low income,2018-01-01,64.0
534,Princenhage, Low income,2018-01-01,36.0
535,Westerpark, Low income,2018-01-01,30.0
536,Heilaar, Low income,2018-01-01,22.0
538,Steenakker, Low income,2018-01-01,76.0
539,Effen-Rith, Low income,2018-01-01,16.0
540,Liesbos, Low income,2018-01-01,16.0
541,Gageldonk, Low income,2018-01-01,33.0
542,Kievitsloop, Low income,2018-01-01,27.0
543,Kesteren, Low income,2018-01-01,43.0
544,Muizenberg, Low income,2018-01-01,33.0
545,Heksenwiel, Low income,2018-01-01,35.0
546,Overkroeten, Low income,2018-01-01,30.0
547,Kroeten, Low income,2018-01-01,19.0
550,Bavel, Low income,2018-01-01,26.0
551,Nieuw Wolfslaar, Low income,2018-01-01,18.0
552,Buitengebied Bavel, Low income,2018-01-01,10.0
553,Ulvenhout, Low income,2018-01-01,26.0
554,Buitengebied Ulvenhout, Low income,2018-01-01,23.0
555,Prinsenbeek, Low income,2018-01-01,23.0
556,Buitengebied Prinsenbeek, Low income,2018-01-01,16.0
557,Teteringen, Low income,2018-01-01,23.0
560,Valkenberg, Low income,2019-01-01,61.0
561,Chassé, Low income,2019-01-01,46.0
562,Fellenoord, Low income,2019-01-01,71.0
563,Schorsmolen, Low income,2019-01-01,70.0
564,Station, Low income,2019-01-01,57.0
565,City, Low income,2019-01-01,63.0
566,Belcrum, Low income,2019-01-01,38.0
567,Doornbos-Linie, Low income,2019-01-01,59.0
568,Biesdonk, Low income,2019-01-01,54.0
569,Geeren-zuid, Low income,2019-01-01,65.0
570,Wisselaar, Low income,2019-01-01,52.0
572,Geeren-noord, Low income,2019-01-01,62.0
573,Waterdonken, Low income,2019-01-01,18.0
574,Brabantpark, Low income,2019-01-01,54.0
575,Sportpark, Low income,2019-01-01,27.0
576,Zandberg, Low income,2019-01-01,36.0
577,Heusdenhout, Low income,2019-01-01,46.0
580,Blauwe Kei, Low income,2019-01-01,30.0
581,Ypelaar, Low income,2019-01-01,42.0
582,Overakker, Low income,2019-01-01,35.0
583,Ginneken, Low income,2019-01-01,26.0
584,Mastbos, Low income,2019-01-01,31.0
585,Boeimeer, Low income,2019-01-01,32.0
586,Ruitersbos, Low income,2019-01-01,35.0
587,Haagpoort, Low income,2019-01-01,57.0
588,Heuvel, Low income,2019-01-01,56.0
589,Tuinzigt, Low income,2019-01-01,64.0
590,Princenhage, Low income,2019-01-01,36.0
591,Westerpark, Low income,2019-01-01,28.0
592,Heilaar, Low income,2019-01-01,20.0
594,Steenakker, Low income,2019-01-01,73.0
595,Effen-Rith, Low income,2019-01-01,16.0
596,Liesbos, Low income,2019-01-01,18.0
597,Gageldonk, Low income,2019-01-01,34.0
598,Kievitsloop, Low income,2019-01-01,26.0
599,Kesteren, Low income,2019-01-01,42.0
600,Muizenberg, Low income,2019-01-01,32.0
601,Heksenwiel, Low income,2019-01-01,34.0
602,Overkroeten, Low income,2019-01-01,30.0
603,Kroeten, Low income,2019-01-01,22.0
606,Bavel, Low income,2019-01-01,26.0
607,Nieuw Wolfslaar, Low income,2019-01-01,16.0
608,Buitengebied Bavel, Low income,2019-01-01,11.0
609,Ulvenhout, Low income,2019-01-01,25.0
610,Buitengebied Ulvenhout, Low income,2019-01-01,29.0
611,Prinsenbeek, Low income,2019-01-01,23.0
612,Buitengebied Prinsenbeek, Low income,2019-01-01,17.0
613,Teteringen, Low income,2019-01-01,23.0
616,Valkenberg, Low income,2020-01-01,63.0
617,Chassé, Low income,2020-01-01,46.0
618,Fellenoord, Low income,2020-01-01,71.0
619,Schorsmolen, Low income,2020-01-01,69.0
620,Station, Low income,2020-01-01,55.0
621,City, Low income,2020-01-01,63.0
622,Belcrum, Low income,2020-01-01,36.0
623,Doornbos-Linie, Low income,2020-01-01,57.0
624,Biesdonk, Low income,2020-01-01,55.0
625,Geeren-zuid, Low income,2020-01-01,66.0
626,Wisselaar, Low income,2020-01-01,51.0
627,Krogten, Low income,2020-01-01,44.0
628,Geeren-noord, Low income,2020-01-01,63.0
629,Waterdonken, Low income,2020-01-01,20.0
630,Brabantpark, Low income,2020-01-01,55.0
631,Sportpark, Low income,2020-01-01,27.0
632,Zandberg, Low income,2020-01-01,34.0
633,Heusdenhout, Low income,2020-01-01,47.0
636,Blauwe Kei, Low income,2020-01-01,29.0
637,Ypelaar, Low income,2020-01-01,43.0
638,Overakker, Low income,2020-01-01,35.0
639,Ginneken, Low income,2020-01-01,25.0
640,Mastbos, Low income,2020-01-01,29.0
641,Boeimeer, Low income,2020-01-01,33.0
642,Ruitersbos, Low income,2020-01-01,36.0
643,Haagpoort, Low income,2020-01-01,57.0
644,Heuvel, Low income,2020-01-01,54.0
645,Tuinzigt, Low income,2020-01-01,63.0
646,Princenhage, Low income,2020-01-01,37.0
647,Westerpark, Low income,2020-01-01,27.0
648,Heilaar, Low income,2020-01-01,21.0
650,Steenakker, Low income,2020-01-01,74.0
651,Effen-Rith, Low income,2020-01-01,15.0
652,Liesbos, Low income,2020-01-01,16.0
653,Gageldonk, Low income,2020-01-01,33.0
654,Kievitsloop, Low income,2020-01-01,26.0
655,Kesteren, Low income,2020-01-01,41.0
656,Muizenberg, Low income,2020-01-01,33.0
657,Heksenwiel, Low income,2020-01-01,35.0
658,Overkroeten, Low income,2020-01-01,31.0
659,Kroeten, Low income,2020-01-01,21.0
662,Bavel, Low income,2020-01-01,26.0
663,Nieuw Wolfslaar, Low income,2020-01-01,16.0
664,Buitengebied Bavel, Low income,2020-01-01,14.0
665,Ulvenhout, Low income,2020-01-01,26.0
666,Buitengebied Ulvenhout, Low income,2020-01-01,24.0
667,Prinsenbeek, Low income,2020-01-01,24.0
668,Buitengebied Prinsenbeek, Low income,2020-01-01,18.0
669,Teteringen, Low income,2020-01-01,24.0
672,Valkenberg, Low income,2021-01-01,61.0
673,Chassé, Low income,2021-01-01,47.0
674,Fellenoord, Low income,2021-01-01,70.0
675,Schorsmolen, Low income,2021-01-01,68.0
676,Station, Low income,2021-01-01,55.0
677,City, Low income,2021-01-01,61.0
678,Belcrum, Low income,2021-01-01,36.0
679,Doornbos-Linie, Low income,2021-01-01,54.0
680,Biesdonk, Low income,2021-01-01,55.0
681,Geeren-zuid, Low income,2021-01-01,65.0
682,Wisselaar, Low income,2021-01-01,50.0
684,Geeren-noord, Low income,2021-01-01,62.0
685,Waterdonken, Low income,2021-01-01,20.0
686,Brabantpark, Low income,2021-01-01,55.0
687,Sportpark, Low income,2021-01-01,28.0
688,Zandberg, Low income,2021-01-01,34.0
689,Heusdenhout, Low income,2021-01-01,47.0
692,Blauwe Kei, Low income,2021-01-01,30.0
693,Ypelaar, Low income,2021-01-01,43.0
694,Overakker, Low income,2021-01-01,36.0
695,Ginneken, Low income,2021-01-01,24.0
696,Mastbos, Low income,2021-01-01,23.0
697,Boeimeer, Low income,2021-01-01,33.0
698,Ruitersbos, Low income,2021-01-01,35.0
699,Haagpoort, Low income,2021-01-01,56.0
700,Heuvel, Low income,2021-01-01,54.0
701,Tuinzigt, Low income,2021-01-01,62.0
702,Princenhage, Low income,2021-01-01,37.0
703,Westerpark, Low income,2021-01-01,28.0
704,Heilaar, Low income,2021-01-01,23.0
706,Steenakker, Low income,2021-01-01,73.0
707,Effen-Rith, Low income,2021-01-01,18.0
708,Liesbos, Low income,2021-01-01,16.0
709,Gageldonk, Low income,2021-01-01,33.0
710,Kievitsloop, Low income,2021-01-01,27.0
711,Kesteren, Low income,2021-01-01,43.0
712,Muizenberg, Low income,2021-01-01,33.0
713,Heksenwiel, Low income,2021-01-01,35.0
714,Overkroeten, Low income,2021-01-01,32.0
715,Kroeten, Low income,2021-01-01,21.0
718,Bavel, Low income,2021-01-01,27.0
719,Nieuw Wolfslaar, Low income,2021-01-01,17.0
720,Buitengebied Bavel, Low income,2021-01-01,11.0
721,Ulvenhout, Low income,2021-01-01,26.0
722,Buitengebied Ulvenhout, Low income,2021-01-01,19.0
723,Prinsenbeek, Low income,2021-01-01,23.0
724,Buitengebied Prinsenbeek, Low income,2021-01-01,20.0
725,Teteringen, Low income,2021-01-01,23.0
728,Valkenberg, High income,2009-01-01,16.0
729,Chassé, High income,2009-01-01,18.0
730,Fellenoord, High income,2009-01-01,5.0
731,Schorsmolen, High income,2009-01-01,5.0
732,Station, High income,2009-01-01,13.0
733,City, High income,2009-01-01,16.0
734,Belcrum, High income,2009-01-01,21.0
735,Doornbos-Linie, High income,2009-01-01,7.0
736,Biesdonk, High income,2009-01-01,8.0
738,Wisselaar, High income,2009-01-01,9.0
739,Krogten, High income,2009-01-01,16.0
740,Geeren-noord, High income,2009-01-01,8.0
742,Brabantpark, High income,2009-01-01,14.0
743,Sportpark, High income,2009-01-01,32.0
744,Zandberg, High income,2009-01-01,37.0
745,Heusdenhout, High income,2009-01-01,19.0
746,Moleneind-oost, High income,2009-01-01,19.0
747,Hoogeind, High income,2009-01-01,19.0
748,Blauwe Kei, High income,2009-01-01,24.0
749,Ypelaar, High income,2009-01-01,17.0
750,Overakker, High income,2009-01-01,24.0
751,Ginneken, High income,2009-01-01,39.0
753,Boeimeer, High income,2009-01-01,31.0
754,Ruitersbos, High income,2009-01-01,39.0
755,Haagpoort, High income,2009-01-01,14.0
756,Heuvel, High income,2009-01-01,7.0
757,Tuinzigt, High income,2009-01-01,6.0
758,Princenhage, High income,2009-01-01,20.0
759,Westerpark, High income,2009-01-01,26.0
760,Heilaar, High income,2009-01-01,52.0
762,Steenakker, High income,2009-01-01,50.0
763,Effen-Rith, High income,2009-01-01,48.0
764,Liesbos, High income,2009-01-01,57.0
765,Gageldonk, High income,2009-01-01,19.0
766,Kievitsloop, High income,2009-01-01,22.0
767,Kesteren, High income,2009-01-01,12.0
768,Muizenberg, High income,2009-01-01,27.0
769,Heksenwiel, High income,2009-01-01,24.0
770,Overkroeten, High income,2009-01-01,31.0
771,Kroeten, High income,2009-01-01,27.0
773,Hagebeemd, High income,2009-01-01,37.0
774,Bavel, High income,2009-01-01,31.0
775,Nieuw Wolfslaar, High income,2009-01-01,43.0
776,Buitengebied Bavel, High income,2009-01-01,50.0
777,Ulvenhout, High income,2009-01-01,40.0
778,Buitengebied Ulvenhout, High income,2009-01-01,64.0
779,Prinsenbeek, High income,2009-01-01,28.0
780,Buitengebied Prinsenbeek, High income,2009-01-01,38.0
784,Valkenberg, High income,2010-01-01,12.0
785,Chassé, High income,2010-01-01,21.0
786,Fellenoord, High income,2010-01-01,3.0
787,Schorsmolen, High income,2010-01-01,5.0
788,Station, High income,2010-01-01,14.0
789,City, High income,2010-01-01,15.0
790,Belcrum, High income,2010-01-01,21.0
791,Doornbos-Linie, High income,2010-01-01,6.0
792,Biesdonk, High income,2010-01-01,8.0
794,Wisselaar, High income,2010-01-01,10.0
795,Krogten, High income,2010-01-01,17.0
796,Geeren-noord, High income,2010-01-01,8.0
798,Brabantpark, High income,2010-01-01,13.0
799,Sportpark, High income,2010-01-01,37.0
800,Zandberg, High income,2010-01-01,39.0
801,Heusdenhout, High income,2010-01-01,19.0
802,Moleneind-oost, High income,2010-01-01,19.0
803,Hoogeind, High income,2010-01-01,20.0
804,Blauwe Kei, High income,2010-01-01,23.0
805,Ypelaar, High income,2010-01-01,17.0
806,Overakker, High income,2010-01-01,23.0
807,Ginneken, High income,2010-01-01,38.0
809,Boeimeer, High income,2010-01-01,33.0
810,Ruitersbos, High income,2010-01-01,40.0
811,Haagpoort, High income,2010-01-01,14.0
812,Heuvel, High income,2010-01-01,8.0
813,Tuinzigt, High income,2010-01-01,6.0
814,Princenhage, High income,2010-01-01,20.0
815,Westerpark, High income,2010-01-01,28.0
816,Heilaar, High income,2010-01-01,49.0
818,Steenakker, High income,2010-01-01,48.0
819,Effen-Rith, High income,2010-01-01,44.0
820,Liesbos, High income,2010-01-01,55.0
821,Gageldonk, High income,2010-01-01,19.0
822,Kievitsloop, High income,2010-01-01,21.0
823,Kesteren, High income,2010-01-01,15.0
824,Muizenberg, High income,2010-01-01,26.0
825,Heksenwiel, High income,2010-01-01,25.0
826,Overkroeten, High income,2010-01-01,31.0
827,Kroeten, High income,2010-01-01,28.0
829,Hagebeemd, High income,2010-01-01,38.0
830,Bavel, High income,2010-01-01,32.0
831,Nieuw Wolfslaar, High income,2010-01-01,46.0
832,Buitengebied Bavel, High income,2010-01-01,60.0
833,Ulvenhout, High income,2010-01-01,40.0
834,Buitengebied Ulvenhout, High income,2010-01-01,66.0
835,Prinsenbeek, High income,2010-01-01,29.0
836,Buitengebied Prinsenbeek, High income,2010-01-01,38.0
840,Valkenberg, High income,2011-01-01,15.0
841,Chassé, High income,2011-01-01,21.0
842,Fellenoord, High income,2011-01-01,5.0
843,Schorsmolen, High income,2011-01-01,5.0
844,Station, High income,2011-01-01,13.0
845,City, High income,2011-01-01,13.0
847,Doornbos-Linie, High income,2011-01-01,7.0
848,Biesdonk, High income,2011-01-01,8.0
850,Wisselaar, High income,2011-01-01,8.0
852,Geeren-noord, High income,2011-01-01,6.0
853,Waterdonken, High income,2011-01-01,34.0
854,Brabantpark, High income,2011-01-01,13.0
855,Sportpark, High income,2011-01-01,34.0
856,Zandberg, High income,2011-01-01,36.0
857,Heusdenhout, High income,2011-01-01,18.0
858,Moleneind-oost, High income,2011-01-01,18.0
859,Hoogeind, High income,2011-01-01,18.0
860,Blauwe Kei, High income,2011-01-01,26.0
861,Ypelaar, High income,2011-01-01,17.0
862,Overakker, High income,2011-01-01,26.0
863,Ginneken, High income,2011-01-01,40.0
865,Boeimeer, High income,2011-01-01,32.0
866,Ruitersbos, High income,2011-01-01,39.0
867,Haagpoort, High income,2011-01-01,12.0
868,Heuvel, High income,2011-01-01,8.0
869,Tuinzigt, High income,2011-01-01,7.0
870,Princenhage, High income,2011-01-01,20.0
871,Westerpark, High income,2011-01-01,30.0
872,Heilaar, High income,2011-01-01,54.0
875,Effen-Rith, High income,2011-01-01,44.0
876,Liesbos, High income,2011-01-01,43.0
877,Gageldonk, High income,2011-01-01,21.0
878,Kievitsloop, High income,2011-01-01,22.0
879,Kesteren, High income,2011-01-01,13.0
880,Muizenberg, High income,2011-01-01,27.0
881,Heksenwiel, High income,2011-01-01,25.0
882,Overkroeten, High income,2011-01-01,30.0
883,Kroeten, High income,2011-01-01,29.0
885,Hagebeemd, High income,2011-01-01,49.0
886,Bavel, High income,2011-01-01,30.0
887,Nieuw Wolfslaar, High income,2011-01-01,51.0
888,Buitengebied Bavel, High income,2011-01-01,53.0
891,Prinsenbeek, High income,2011-01-01,30.0
892,Buitengebied Prinsenbeek, High income,2011-01-01,42.0
896,Valkenberg, High income,2012-01-01,15.0
897,Chassé, High income,2012-01-01,22.0
898,Fellenoord, High income,2012-01-01,5.0
899,Schorsmolen, High income,2012-01-01,6.0
900,Station, High income,2012-01-01,15.0
901,City, High income,2012-01-01,15.0
903,Doornbos-Linie, High income,2012-01-01,7.0
904,Biesdonk, High income,2012-01-01,7.0
905,Geeren-zuid, High income,2012-01-01,5.0
906,Wisselaar, High income,2012-01-01,8.0
908,Geeren-noord, High income,2012-01-01,7.0
909,Waterdonken, High income,2012-01-01,28.0
910,Brabantpark, High income,2012-01-01,13.0
911,Sportpark, High income,2012-01-01,34.0
912,Zandberg, High income,2012-01-01,36.0
913,Heusdenhout, High income,2012-01-01,17.0
916,Blauwe Kei, High income,2012-01-01,25.0
917,Ypelaar, High income,2012-01-01,17.0
918,Overakker, High income,2012-01-01,24.0
919,Ginneken, High income,2012-01-01,42.0
920,Mastbos, High income,2012-01-01,47.0
921,Boeimeer, High income,2012-01-01,32.0
922,Ruitersbos, High income,2012-01-01,35.0
923,Haagpoort, High income,2012-01-01,12.0
924,Heuvel, High income,2012-01-01,8.0
925,Tuinzigt, High income,2012-01-01,8.0
926,Princenhage, High income,2012-01-01,20.0
927,Westerpark, High income,2012-01-01,31.0
928,Heilaar, High income,2012-01-01,44.0
931,Effen-Rith, High income,2012-01-01,45.0
932,Liesbos, High income,2012-01-01,39.0
933,Gageldonk, High income,2012-01-01,22.0
934,Kievitsloop, High income,2012-01-01,22.0
935,Kesteren, High income,2012-01-01,14.0
936,Muizenberg, High income,2012-01-01,28.0
937,Heksenwiel, High income,2012-01-01,25.0
938,Overkroeten, High income,2012-01-01,31.0
939,Kroeten, High income,2012-01-01,30.0
942,Bavel, High income,2012-01-01,29.0
943,Nieuw Wolfslaar, High income,2012-01-01,52.0
944,Buitengebied Bavel, High income,2012-01-01,52.0
945,Ulvenhout, High income,2012-01-01,36.0
947,Prinsenbeek, High income,2012-01-01,30.0
948,Buitengebied Prinsenbeek, High income,2012-01-01,42.0
949,Teteringen, High income,2012-01-01,33.0
952,Valkenberg, High income,2013-01-01,16.0
953,Chassé, High income,2013-01-01,21.0
954,Fellenoord, High income,2013-01-01,5.0
955,Schorsmolen, High income,2013-01-01,5.0
956,Station, High income,2013-01-01,18.0
957,City, High income,2013-01-01,15.0
959,Doornbos-Linie, High income,2013-01-01,7.0
960,Biesdonk, High income,2013-01-01,7.0
961,Geeren-zuid, High income,2013-01-01,5.0
962,Wisselaar, High income,2013-01-01,8.0
964,Geeren-noord, High income,2013-01-01,6.0
965,Waterdonken, High income,2013-01-01,27.0
966,Brabantpark, High income,2013-01-01,13.0
967,Sportpark, High income,2013-01-01,34.0
968,Zandberg, High income,2013-01-01,37.0
969,Heusdenhout, High income,2013-01-01,18.0
972,Blauwe Kei, High income,2013-01-01,25.0
973,Ypelaar, High income,2013-01-01,17.0
974,Overakker, High income,2013-01-01,24.0
975,Ginneken, High income,2013-01-01,40.0
976,Mastbos, High income,2013-01-01,38.0
977,Boeimeer, High income,2013-01-01,33.0
978,Ruitersbos, High income,2013-01-01,37.0
979,Haagpoort, High income,2013-01-01,13.0
980,Heuvel, High income,2013-01-01,9.0
981,Tuinzigt, High income,2013-01-01,8.0
982,Princenhage, High income,2013-01-01,20.0
983,Westerpark, High income,2013-01-01,32.0
984,Heilaar, High income,2013-01-01,42.0
987,Effen-Rith, High income,2013-01-01,44.0
988,Liesbos, High income,2013-01-01,46.0
989,Gageldonk, High income,2013-01-01,21.0
990,Kievitsloop, High income,2013-01-01,21.0
991,Kesteren, High income,2013-01-01,14.0
992,Muizenberg, High income,2013-01-01,26.0
993,Heksenwiel, High income,2013-01-01,24.0
994,Overkroeten, High income,2013-01-01,31.0
995,Kroeten, High income,2013-01-01,29.0
998,Bavel, High income,2013-01-01,31.0
999,Nieuw Wolfslaar, High income,2013-01-01,50.0
1000,Buitengebied Bavel, High income,2013-01-01,53.0
1001,Ulvenhout, High income,2013-01-01,37.0
1003,Prinsenbeek, High income,2013-01-01,31.0
1004,Buitengebied Prinsenbeek, High income,2013-01-01,41.0
1005,Teteringen, High income,2013-01-01,34.0
1008,Valkenberg, High income,2014-01-01,63.0
1009,Chassé, High income,2014-01-01,45.0
1010,Fellenoord, High income,2014-01-01,69.0
1011,Schorsmolen, High income,2014-01-01,69.0
1012,Station, High income,2014-01-01,60.0
1013,City, High income,2014-01-01,65.0
1015,Doornbos-Linie, High income,2014-01-01,60.0
1016,Biesdonk, High income,2014-01-01,52.0
1017,Geeren-zuid, High income,2014-01-01,62.0
1018,Wisselaar, High income,2014-01-01,50.0
1020,Geeren-noord, High income,2014-01-01,62.0
1021,Waterdonken, High income,2014-01-01,23.0
1022,Brabantpark, High income,2014-01-01,55.0
1023,Sportpark, High income,2014-01-01,31.0
1024,Zandberg, High income,2014-01-01,38.0
1025,Heusdenhout, High income,2014-01-01,42.0
1028,Blauwe Kei, High income,2014-01-01,33.0
1029,Ypelaar, High income,2014-01-01,41.0
1030,Overakker, High income,2014-01-01,36.0
1031,Ginneken, High income,2014-01-01,29.0
1032,Mastbos, High income,2014-01-01,19.0
1033,Boeimeer, High income,2014-01-01,35.0
1034,Ruitersbos, High income,2014-01-01,36.0
1035,Haagpoort, High income,2014-01-01,53.0
1036,Heuvel, High income,2014-01-01,59.0
1037,Tuinzigt, High income,2014-01-01,64.0
1038,Princenhage, High income,2014-01-01,37.0
1039,Westerpark, High income,2014-01-01,27.0
1040,Heilaar, High income,2014-01-01,20.0
1043,Effen-Rith, High income,2014-01-01,20.0
1044,Liesbos, High income,2014-01-01,19.0
1045,Gageldonk, High income,2014-01-01,35.0
1046,Kievitsloop, High income,2014-01-01,28.0
1047,Kesteren, High income,2014-01-01,42.0
1048,Muizenberg, High income,2014-01-01,35.0
1049,Heksenwiel, High income,2014-01-01,31.0
1050,Overkroeten, High income,2014-01-01,28.0
1051,Kroeten, High income,2014-01-01,21.0
1054,Bavel, High income,2014-01-01,26.0
1055,Nieuw Wolfslaar, High income,2014-01-01,17.0
1056,Buitengebied Bavel, High income,2014-01-01,33.0
1057,Ulvenhout, High income,2014-01-01,25.0
1059,Prinsenbeek, High income,2014-01-01,24.0
1060,Buitengebied Prinsenbeek, High income,2014-01-01,16.0
1061,Teteringen, High income,2014-01-01,25.0
1064,Valkenberg, High income,2015-01-01,12.0
1065,Chassé, High income,2015-01-01,20.0
1066,Fellenoord, High income,2015-01-01,5.0
1067,Schorsmolen, High income,2015-01-01,5.0
1068,Station, High income,2015-01-01,16.0
1069,City, High income,2015-01-01,11.0
1070,Belcrum, High income,2015-01-01,21.0
1071,Doornbos-Linie, High income,2015-01-01,8.0
1072,Biesdonk, High income,2015-01-01,8.0
1073,Geeren-zuid, High income,2015-01-01,5.0
1074,Wisselaar, High income,2015-01-01,8.0
1075,Krogten, High income,2015-01-01,14.0
1076,Geeren-noord, High income,2015-01-01,7.0
1077,Waterdonken, High income,2015-01-01,35.0
1078,Brabantpark, High income,2015-01-01,12.0
1079,Sportpark, High income,2015-01-01,32.0
1080,Zandberg, High income,2015-01-01,32.0
1081,Heusdenhout, High income,2015-01-01,17.0
1084,Blauwe Kei, High income,2015-01-01,28.0
1085,Ypelaar, High income,2015-01-01,17.0
1086,Overakker, High income,2015-01-01,23.0
1087,Ginneken, High income,2015-01-01,40.0
1088,Mastbos, High income,2015-01-01,52.0
1089,Boeimeer, High income,2015-01-01,32.0
1090,Ruitersbos, High income,2015-01-01,34.0
1091,Haagpoort, High income,2015-01-01,13.0
1092,Heuvel, High income,2015-01-01,9.0
1093,Tuinzigt, High income,2015-01-01,7.0
1094,Princenhage, High income,2015-01-01,20.0
1095,Westerpark, High income,2015-01-01,33.0
1096,Heilaar, High income,2015-01-01,46.0
1098,Steenakker, High income,2015-01-01,43.0
1099,Effen-Rith, High income,2015-01-01,46.0
1100,Liesbos, High income,2015-01-01,45.0
1101,Gageldonk, High income,2015-01-01,19.0
1102,Kievitsloop, High income,2015-01-01,22.0
1103,Kesteren, High income,2015-01-01,14.0
1104,Muizenberg, High income,2015-01-01,27.0
1105,Heksenwiel, High income,2015-01-01,27.0
1106,Overkroeten, High income,2015-01-01,33.0
1107,Kroeten, High income,2015-01-01,31.0
1110,Bavel, High income,2015-01-01,31.0
1111,Nieuw Wolfslaar, High income,2015-01-01,51.0
1112,Buitengebied Bavel, High income,2015-01-01,50.0
1113,Ulvenhout, High income,2015-01-01,38.0
1115,Prinsenbeek, High income,2015-01-01,32.0
1116,Buitengebied Prinsenbeek, High income,2015-01-01,41.0
1117,Teteringen, High income,2015-01-01,34.0
1120,Valkenberg, High income,2016-01-01,12.0
1121,Chassé, High income,2016-01-01,17.0
1122,Fellenoord, High income,2016-01-01,5.0
1123,Schorsmolen, High income,2016-01-01,4.0
1124,Station, High income,2016-01-01,14.0
1125,City, High income,2016-01-01,9.0
1126,Belcrum, High income,2016-01-01,23.0
1127,Doornbos-Linie, High income,2016-01-01,8.0
1128,Biesdonk, High income,2016-01-01,6.0
1129,Geeren-zuid, High income,2016-01-01,4.0
1130,Wisselaar, High income,2016-01-01,7.0
1131,Krogten, High income,2016-01-01,20.0
1132,Geeren-noord, High income,2016-01-01,7.0
1133,Waterdonken, High income,2016-01-01,34.0
1134,Brabantpark, High income,2016-01-01,13.0
1135,Sportpark, High income,2016-01-01,33.0
1136,Zandberg, High income,2016-01-01,33.0
1137,Heusdenhout, High income,2016-01-01,17.0
1140,Blauwe Kei, High income,2016-01-01,28.0
1141,Ypelaar, High income,2016-01-01,17.0
1142,Overakker, High income,2016-01-01,24.0
1143,Ginneken, High income,2016-01-01,41.0
1144,Mastbos, High income,2016-01-01,46.0
1145,Boeimeer, High income,2016-01-01,31.0
1146,Ruitersbos, High income,2016-01-01,33.0
1147,Haagpoort, High income,2016-01-01,13.0
1148,Heuvel, High income,2016-01-01,10.0
1149,Tuinzigt, High income,2016-01-01,6.0
1150,Princenhage, High income,2016-01-01,20.0
1151,Westerpark, High income,2016-01-01,36.0
1152,Heilaar, High income,2016-01-01,53.0
1155,Effen-Rith, High income,2016-01-01,45.0
1156,Liesbos, High income,2016-01-01,44.0
1157,Gageldonk, High income,2016-01-01,20.0
1158,Kievitsloop, High income,2016-01-01,21.0
1159,Kesteren, High income,2016-01-01,13.0
1160,Muizenberg, High income,2016-01-01,26.0
1161,Heksenwiel, High income,2016-01-01,26.0
1162,Overkroeten, High income,2016-01-01,34.0
1163,Kroeten, High income,2016-01-01,32.0
1166,Bavel, High income,2016-01-01,32.0
1167,Nieuw Wolfslaar, High income,2016-01-01,51.0
1168,Buitengebied Bavel, High income,2016-01-01,50.0
1169,Ulvenhout, High income,2016-01-01,36.0
1171,Prinsenbeek, High income,2016-01-01,32.0
1172,Buitengebied Prinsenbeek, High income,2016-01-01,44.0
1173,Teteringen, High income,2016-01-01,34.0
1176,Valkenberg, High income,2017-01-01,11.0
1177,Chassé, High income,2017-01-01,17.0
1178,Fellenoord, High income,2017-01-01,4.0
1179,Schorsmolen, High income,2017-01-01,4.0
1180,Station, High income,2017-01-01,14.0
1181,City, High income,2017-01-01,10.0
1182,Belcrum, High income,2017-01-01,25.0
1183,Doornbos-Linie, High income,2017-01-01,8.0
1184,Biesdonk, High income,2017-01-01,6.0
1185,Geeren-zuid, High income,2017-01-01,5.0
1186,Wisselaar, High income,2017-01-01,8.0
1187,Krogten, High income,2017-01-01,23.0
1188,Geeren-noord, High income,2017-01-01,6.0
1189,Waterdonken, High income,2017-01-01,37.0
1190,Brabantpark, High income,2017-01-01,13.0
1191,Sportpark, High income,2017-01-01,31.0
1192,Zandberg, High income,2017-01-01,34.0
1193,Heusdenhout, High income,2017-01-01,17.0
1196,Blauwe Kei, High income,2017-01-01,29.0
1197,Ypelaar, High income,2017-01-01,16.0
1198,Overakker, High income,2017-01-01,24.0
1199,Ginneken, High income,2017-01-01,42.0
1200,Mastbos, High income,2017-01-01,33.0
1201,Boeimeer, High income,2017-01-01,32.0
1202,Ruitersbos, High income,2017-01-01,33.0
1203,Haagpoort, High income,2017-01-01,15.0
1204,Heuvel, High income,2017-01-01,9.0
1205,Tuinzigt, High income,2017-01-01,6.0
1206,Princenhage, High income,2017-01-01,21.0
1207,Westerpark, High income,2017-01-01,34.0
1208,Heilaar, High income,2017-01-01,55.0
1211,Effen-Rith, High income,2017-01-01,46.0
1212,Liesbos, High income,2017-01-01,45.0
1213,Gageldonk, High income,2017-01-01,19.0
1214,Kievitsloop, High income,2017-01-01,20.0
1215,Kesteren, High income,2017-01-01,14.0
1216,Muizenberg, High income,2017-01-01,25.0
1217,Heksenwiel, High income,2017-01-01,26.0
1218,Overkroeten, High income,2017-01-01,32.0
1219,Kroeten, High income,2017-01-01,32.0
1222,Bavel, High income,2017-01-01,33.0
1223,Nieuw Wolfslaar, High income,2017-01-01,51.0
1224,Buitengebied Bavel, High income,2017-01-01,57.0
1225,Ulvenhout, High income,2017-01-01,36.0
1226,Buitengebied Ulvenhout, High income,2017-01-01,51.0
1227,Prinsenbeek, High income,2017-01-01,32.0
1228,Buitengebied Prinsenbeek, High income,2017-01-01,48.0
1229,Teteringen, High income,2017-01-01,34.0
1232,Valkenberg, High income,2018-01-01,11.0
1233,Chassé, High income,2018-01-01,16.0
1234,Fellenoord, High income,2018-01-01,4.0
1235,Schorsmolen, High income,2018-01-01,4.0
1236,Station, High income,2018-01-01,14.0
1237,City, High income,2018-01-01,11.0
1238,Belcrum, High income,2018-01-01,26.0
1239,Doornbos-Linie, High income,2018-01-01,7.0
1240,Biesdonk, High income,2018-01-01,7.0
1241,Geeren-zuid, High income,2018-01-01,4.0
1242,Wisselaar, High income,2018-01-01,8.0
1244,Geeren-noord, High income,2018-01-01,7.0
1245,Waterdonken, High income,2018-01-01,40.0
1246,Brabantpark, High income,2018-01-01,13.0
1247,Sportpark, High income,2018-01-01,32.0
1248,Zandberg, High income,2018-01-01,34.0
1249,Heusdenhout, High income,2018-01-01,17.0
1252,Blauwe Kei, High income,2018-01-01,29.0
1253,Ypelaar, High income,2018-01-01,17.0
1254,Overakker, High income,2018-01-01,24.0
1255,Ginneken, High income,2018-01-01,42.0
1256,Mastbos, High income,2018-01-01,37.0
1257,Boeimeer, High income,2018-01-01,31.0
1258,Ruitersbos, High income,2018-01-01,34.0
1259,Haagpoort, High income,2018-01-01,15.0
1260,Heuvel, High income,2018-01-01,9.0
1261,Tuinzigt, High income,2018-01-01,6.0
1262,Princenhage, High income,2018-01-01,22.0
1263,Westerpark, High income,2018-01-01,33.0
1264,Heilaar, High income,2018-01-01,52.0
1266,Steenakker, High income,2018-01-01,14.0
1267,Effen-Rith, High income,2018-01-01,47.0
1268,Liesbos, High income,2018-01-01,49.0
1269,Gageldonk, High income,2018-01-01,19.0
1270,Kievitsloop, High income,2018-01-01,21.0
1271,Kesteren, High income,2018-01-01,13.0
1272,Muizenberg, High income,2018-01-01,23.0
1273,Heksenwiel, High income,2018-01-01,26.0
1274,Overkroeten, High income,2018-01-01,31.0
1275,Kroeten, High income,2018-01-01,32.0
1278,Bavel, High income,2018-01-01,33.0
1279,Nieuw Wolfslaar, High income,2018-01-01,49.0
1280,Buitengebied Bavel, High income,2018-01-01,57.0
1281,Ulvenhout, High income,2018-01-01,36.0
1282,Buitengebied Ulvenhout, High income,2018-01-01,46.0
1283,Prinsenbeek, High income,2018-01-01,32.0
1284,Buitengebied Prinsenbeek, High income,2018-01-01,47.0
1285,Teteringen, High income,2018-01-01,35.0
1288,Valkenberg, High income,2019-01-01,11.0
1289,Chassé, High income,2019-01-01,18.0
1290,Fellenoord, High income,2019-01-01,4.0
1291,Schorsmolen, High income,2019-01-01,4.0
1292,Station, High income,2019-01-01,15.0
1293,City, High income,2019-01-01,11.0
1294,Belcrum, High income,2019-01-01,26.0
1295,Doornbos-Linie, High income,2019-01-01,8.0
1296,Biesdonk, High income,2019-01-01,7.0
1297,Geeren-zuid, High income,2019-01-01,5.0
1298,Wisselaar, High income,2019-01-01,8.0
1300,Geeren-noord, High income,2019-01-01,7.0
1301,Waterdonken, High income,2019-01-01,40.0
1302,Brabantpark, High income,2019-01-01,13.0
1303,Sportpark, High income,2019-01-01,33.0
1304,Zandberg, High income,2019-01-01,35.0
1305,Heusdenhout, High income,2019-01-01,17.0
1308,Blauwe Kei, High income,2019-01-01,27.0
1309,Ypelaar, High income,2019-01-01,17.0
1310,Overakker, High income,2019-01-01,24.0
1311,Ginneken, High income,2019-01-01,41.0
1312,Mastbos, High income,2019-01-01,44.0
1313,Boeimeer, High income,2019-01-01,31.0
1314,Ruitersbos, High income,2019-01-01,35.0
1315,Haagpoort, High income,2019-01-01,14.0
1316,Heuvel, High income,2019-01-01,9.0
1317,Tuinzigt, High income,2019-01-01,6.0
1318,Princenhage, High income,2019-01-01,22.0
1319,Westerpark, High income,2019-01-01,34.0
1320,Heilaar, High income,2019-01-01,55.0
1322,Steenakker, High income,2019-01-01,13.0
1323,Effen-Rith, High income,2019-01-01,45.0
1324,Liesbos, High income,2019-01-01,48.0
1325,Gageldonk, High income,2019-01-01,18.0
1326,Kievitsloop, High income,2019-01-01,20.0
1327,Kesteren, High income,2019-01-01,13.0
1328,Muizenberg, High income,2019-01-01,21.0
1329,Heksenwiel, High income,2019-01-01,26.0
1330,Overkroeten, High income,2019-01-01,31.0
1331,Kroeten, High income,2019-01-01,30.0
1334,Bavel, High income,2019-01-01,33.0
1335,Nieuw Wolfslaar, High income,2019-01-01,50.0
1336,Buitengebied Bavel, High income,2019-01-01,58.0
1337,Ulvenhout, High income,2019-01-01,37.0
1338,Buitengebied Ulvenhout, High income,2019-01-01,39.0
1339,Prinsenbeek, High income,2019-01-01,32.0
1340,Buitengebied Prinsenbeek, High income,2019-01-01,45.0
1341,Teteringen, High income,2019-01-01,36.0
1344,Valkenberg, High income,2020-01-01,10.0
1345,Chassé, High income,2020-01-01,18.0
1346,Fellenoord, High income,2020-01-01,4.0
1347,Schorsmolen, High income,2020-01-01,4.0
1348,Station, High income,2020-01-01,14.0
1349,City, High income,2020-01-01,11.0
1350,Belcrum, High income,2020-01-01,27.0
1351,Doornbos-Linie, High income,2020-01-01,9.0
1352,Biesdonk, High income,2020-01-01,7.0
1353,Geeren-zuid, High income,2020-01-01,4.0
1354,Wisselaar, High income,2020-01-01,7.0
1355,Krogten, High income,2020-01-01,21.0
1356,Geeren-noord, High income,2020-01-01,7.0
1357,Waterdonken, High income,2020-01-01,39.0
1358,Brabantpark, High income,2020-01-01,12.0
1359,Sportpark, High income,2020-01-01,31.0
1360,Zandberg, High income,2020-01-01,34.0
1361,Heusdenhout, High income,2020-01-01,17.0
1364,Blauwe Kei, High income,2020-01-01,27.0
1365,Ypelaar, High income,2020-01-01,16.0
1366,Overakker, High income,2020-01-01,25.0
1367,Ginneken, High income,2020-01-01,40.0
1368,Mastbos, High income,2020-01-01,44.0
1369,Boeimeer, High income,2020-01-01,31.0
1370,Ruitersbos, High income,2020-01-01,34.0
1371,Haagpoort, High income,2020-01-01,14.0
1372,Heuvel, High income,2020-01-01,10.0
1373,Tuinzigt, High income,2020-01-01,7.0
1374,Princenhage, High income,2020-01-01,22.0
1375,Westerpark, High income,2020-01-01,35.0
1376,Heilaar, High income,2020-01-01,55.0
1378,Steenakker, High income,2020-01-01,14.0
1379,Effen-Rith, High income,2020-01-01,43.0
1380,Liesbos, High income,2020-01-01,48.0
1381,Gageldonk, High income,2020-01-01,19.0
1382,Kievitsloop, High income,2020-01-01,19.0
1383,Kesteren, High income,2020-01-01,13.0
1384,Muizenberg, High income,2020-01-01,21.0
1385,Heksenwiel, High income,2020-01-01,26.0
1386,Overkroeten, High income,2020-01-01,31.0
1387,Kroeten, High income,2020-01-01,32.0
1390,Bavel, High income,2020-01-01,32.0
1391,Nieuw Wolfslaar, High income,2020-01-01,49.0
1392,Buitengebied Bavel, High income,2020-01-01,57.0
1393,Ulvenhout, High income,2020-01-01,36.0
1394,Buitengebied Ulvenhout, High income,2020-01-01,39.0
1395,Prinsenbeek, High income,2020-01-01,32.0
1396,Buitengebied Prinsenbeek, High income,2020-01-01,47.0
1397,Teteringen, High income,2020-01-01,35.0
1400,Valkenberg, High income,2021-01-01,11.0
1401,Chassé, High income,2021-01-01,17.0
1402,Fellenoord, High income,2021-01-01,4.0
1403,Schorsmolen, High income,2021-01-01,4.0
1404,Station, High income,2021-01-01,13.0
1405,City, High income,2021-01-01,10.0
1406,Belcrum, High income,2021-01-01,28.0
1407,Doornbos-Linie, High income,2021-01-01,11.0
1408,Biesdonk, High income,2021-01-01,8.0
1409,Geeren-zuid, High income,2021-01-01,5.0
1410,Wisselaar, High income,2021-01-01,8.0
1412,Geeren-noord, High income,2021-01-01,8.0
1413,Waterdonken, High income,2021-01-01,39.0
1414,Brabantpark, High income,2021-01-01,13.0
1415,Sportpark, High income,2021-01-01,31.0
1416,Zandberg, High income,2021-01-01,35.0
1417,Heusdenhout, High income,2021-01-01,18.0
1420,Blauwe Kei, High income,2021-01-01,29.0
1421,Ypelaar, High income,2021-01-01,16.0
1422,Overakker, High income,2021-01-01,26.0
1423,Ginneken, High income,2021-01-01,39.0
1424,Mastbos, High income,2021-01-01,49.0
1425,Boeimeer, High income,2021-01-01,31.0
1426,Ruitersbos, High income,2021-01-01,34.0
1427,Haagpoort, High income,2021-01-01,15.0
1428,Heuvel, High income,2021-01-01,10.0
1429,Tuinzigt, High income,2021-01-01,7.0
1430,Princenhage, High income,2021-01-01,23.0
1431,Westerpark, High income,2021-01-01,34.0
1432,Heilaar, High income,2021-01-01,56.0
1434,Steenakker, High income,2021-01-01,14.0
1435,Effen-Rith, High income,2021-01-01,44.0
1436,Liesbos, High income,2021-01-01,48.0
1437,Gageldonk, High income,2021-01-01,18.0
1438,Kievitsloop, High income,2021-01-01,20.0
1439,Kesteren, High income,2021-01-01,13.0
1440,Muizenberg, High income,2021-01-01,20.0
1441,Heksenwiel, High income,2021-01-01,25.0
1442,Overkroeten, High income,2021-01-01,30.0
1443,Kroeten, High income,2021-01-01,31.0
1446,Bavel, High income,2021-01-01,33.0
1447,Nieuw Wolfslaar, High income,2021-01-01,48.0
1448,Buitengebied Bavel, High income,2021-01-01,58.0
1449,Ulvenhout, High income,2021-01-01,36.0
1450,Buitengebied Ulvenhout, High income,2021-01-01,44.0
1451,Prinsenbeek, High income,2021-01-01,32.0
1452,Buitengebied Prinsenbeek, High income,2021-01-01,47.0
1453,Teteringen, High income,2021-01-01,35.0
